<?xml version="1.0" encoding="UTF-8" standalone="yes"?>
<addon id="repository.KallPlay" name="[B][COLOR white]KallPlay[COLOR blue]Repo[/COLOR][/COLOR][/B]" version="1.3" provider-name="kallysderock">
<requires>
<import addon="xbmc.python" version="2.1.0"/>
<import addon="script.module.beautifulsoup"/>
<import addon="script.module.simple.downloader"/>
<import addon="script.module.t0mm0.common"/>
<import addon="script.module.beautifulsoup4"/>
<import addon="script.module.requests"/>
<import addon="script.module.httplib2"/>
<import addon="script.module.simple.downloader"/>
<import addon="script.module.urlresolver"/>
<import addon="script.module.simplejson"/>    
<import addon="script.module.livestreamer"/>
<import addon="script.module.pyamf"/>
<import addon="script.common.plugin.cache"/>
<import addon="script.module.metahandler"/>
<import addon="script.module.addon.common"/>
<import addon="script.module.addon.signals"/>
</requires>
<extension point="xbmc.addon.repository" name="KallPlay Repository">
<info compressed="false">https://raw.github.com/kallysderock/KallPlay/master/addons/addon.xml</info>
<checksum>https://raw.github.com/kallysderock/KallPlay/master/addons/repo/addons.xml.md5</checksum>
<datadir zip="true">https://raw.github.com/kallysderock/KallPlay/master/addons/repo/Plugins/</datadir>
</extension>
<extension point="xbmc.addon.metadata">
<news>
[COLOR blue]●[/COLOR] v1.3 - CORREÇÕES DE BUGS.
[COLOR blue]●[/COLOR] v1.2 - UPDATES CORRIGIDOS.
[COLOR blue]●[/COLOR] v1.1 - PEQUENAS CORREÇÕES.
[COLOR blue]●[/COLOR] v1.0 - VERSÃO INICIAL.
</news>
<summary>Repositório KallPlay</summary>
<description>[B][COLOR blue]●[/COLOR] [COLOR white]Repositório oficial do KallPlay - 2019[/COLOR][/B]
[B][COLOR firebrick]●[/COLOR] [COLOR white]Proibido a venda dos add-ons do KallPlay.[/COLOR][/B]
[B][COLOR firebrick]●[/COLOR] [COLOR white]Não vendemos IPTV, caso ache sites ou mesmo apps é falso.[/COLOR][/B]
</description>
<disclaimer>[B][COLOR white]KallPlay é apenas um AGREGADOR de links e, assim como o Google.com, apenas agrega e organiza os links externos. Não somos responsáveis pelos arquivos aqui encontrados.[/COLOR][/B]</disclaimer>
<platform>all</platform>
<assets>
<icon>icon.png</icon>
<fanart>fanart.jpg</fanart>
<screenshot>resources/home.jpg</screenshot>
<screenshot>resources/movies.jpg</screenshot>
<screenshot>resources/series.jpg</screenshot>
</assets>
</extension>
</addon>
