<?xml version="1.0" encoding="UTF-8" standalone="yes"?>
<addon id="plugin.video.kallplay"
       name="[B][COLOR lightsteelblue]Kall[COLOR deepskyblue][B]P[/B][COLOR  lightsteelblue][B]ay[/COLOR][COLOR white]-[COLOR deepskyblue]Multi[COLOR white]-[COLOR dodgerblue]Addons[/COLOR][/B]"
       version="4.8.1"
       provider-name="[B][COLOR deepskyblue]Equipe:[/B] [B][COLOR lightsteelblue]Kall[COLOR deepskyblue][B]P[/B][COLOR  lightsteelblue][B]ay[/COLOR][COLOR white]-[COLOR deepskyblue]Multi[COLOR white]-[COLOR dodgerblue]Addons[/COLOR][/B]">
  <requires>
    <import addon="xbmc.python" version="2.1.0"/>
    <import addon="xbmc.python" version="2.24.0"/>
    <import addon="script.module.t0mm0.common"/>
    <import addon="script.module.beautifulsoup"/>
    <import addon="script.module.beautifulsoup4"/>
    <import addon="script.module.simple.downloader"/>
    <import addon="script.module.requests"/>
    <import addon="script.module.httplib2"/>
    <import addon="script.module.urlresolver"/>
    <import addon="script.module.simplejson"/>
    <import addon="script.common.plugin.cache"/>
    <import addon="script.module.metahandler"/>

   </requires>
  <extension point="xbmc.python.pluginsource" library="default.py">
    <provides>video</provides>
  </extension>
  <extension point="xbmc.addon.metadata">
     <summary lang="en">[B][COLOR lightsteelblue]Kall[COLOR red][B]P[/B][COLOR  lightsteelblue][B]ay[/COLOR][COLOR white]-[COLOR aquamarine]Multi[COLOR white]-[COLOR aqua]Addons[/COLOR][/B][COLOR aqua][B]  Feito Pra Você[/B][/COLOR]</summary>
    <disclaimer lang="en">O autor não é responsável pelo uso deste addon. O autor não é responsável pelo conteúdo encontrado usando este addon. O autor não hospeda ou possui qualquer conteúdo encontrado dentro deste addon. O autor não é de forma alguma afiliado com Kodi, Team Kodi, ou a Fundação XBMC. Este é um recurso sem fins lucrativos, organizado exclusivamente para fins educacionais. fins protegidos pela doutrina de uso justo da Lei de Direitos Autorais, especificamente a seção 107, que promove a liberdade de expressão, ao permitir o uso não licenciado de obras protegidas por direitos autorais.</disclaimer>
	<description lang="en">[COLOR deepskyblue]*TV*[COLOR red]*FILMES*[/COLOR][COLOR firebrick]*SERIES*[COLOR white]*DESENHOS*[COLOR orange]*ANIMES*[COLOR cyan]*LANCAMENTOS*[COLOR deepskyblue]*HD*[COLOR yellow]*FHD*[/COLOR]</description>
	<news>[COLOR deepskyblue] Atualização[COLOR red] v2.0.5:[/COLOR] 
	      [COLOR violet][B]Novas Thumbnails e Imagens de fundo[/B][/COLOR]
          [COLOR deepskyblue] Atualização[COLOR red] v2.0.6:[/COLOR] 
		  [COLOR violet][B]Novas Thumbnails e Imagens de fundo[/B][/COLOR]
          [COLOR god][B]Melhorias de estabilidade[/B][/COLOR] 
</news>
	<platform>all</platform>
  </extension>
</addon>
